Store,Dept,Date,Weekly_Sales,IsHoliday
1,1,05/02/2010,24924.5,FALSE
1,1,12/02/2010,46039.49,TRUE
1,1,19/02/2010,41595.55,FALSE
1,1,26/02/2010,19403.54,FALSE
1,1,05/03/2010,21827.9,FALSE
1,1,12/03/2010,21043.39,FALSE
1,1,19/03/2010,22136.64,FALSE
1,1,26/03/2010,26229.21,FALSE
1,1,02/04/2010,57258.43,FALSE
1,1,09/04/2010,42960.91,FALSE
1,1,16/04/2010,17596.96,FALSE
1,1,23/04/2010,16145.35,FALSE
1,1,30/04/2010,16555.11,FALSE
1,1,07/05/2010,17413.94,FALSE
1,1,14/05/2010,18926.74,FALSE
1,1,21/05/2010,14773.04,FALSE
1,1,28/05/2010,15580.43,FALSE
1,1,04/06/2010,17558.09,FALSE
1,1,11/06/2010,16637.62,FALSE
1,1,18/06/2010,16216.27,FALSE
1,1,25/06/2010,16328.72,FALSE
1,1,02/07/2010,16333.14,FALSE
1,1,09/07/2010,17688.76,FALSE
1,1,16/07/2010,17150.84,FALSE
1,1,23/07/2010,15360.45,FALSE
1,1,30/07/2010,15381.82,FALSE
1,1,06/08/2010,17508.41,FALSE
1,1,13/08/2010,15536.4,FALSE
1,1,20/08/2010,15740.13,FALSE
1,1,27/08/2010,15793.87,FALSE
1,1,03/09/2010,16241.78,FALSE
1,1,10/09/2010,18194.74,TRUE
1,1,17/09/2010,19354.23,FALSE
1,1,24/09/2010,18122.52,FALSE
1,1,01/10/2010,20094.19,FALSE
1,1,08/10/2010,23388.03,FALSE
1,1,15/10/2010,26978.34,FALSE
1,1,22/10/2010,25543.04,FALSE
1,1,29/10/2010,38640.93,FALSE
1,1,05/11/2010,34238.88,FALSE
1,1,12/11/2010,19549.39,FALSE
1,1,19/11/2010,19552.84,FALSE
1,1,26/11/2010,18820.29,TRUE
1,1,03/12/2010,22517.56,FALSE
1,1,10/12/2010,31497.65,FALSE
1,1,17/12/2010,44912.86,FALSE
1,1,24/12/2010,55931.23,FALSE
1,1,31/12/2010,19124.58,TRUE
1,1,07/01/2011,15984.24,FALSE
1,1,14/01/2011,17359.7,FALSE
1,1,21/01/2011,17341.47,FALSE
1,1,28/01/2011,18461.18,FALSE
1,1,04/02/2011,21665.76,FALSE
1,1,11/02/2011,37887.17,TRUE
1,1,18/02/2011,46845.87,FALSE
1,1,25/02/2011,19363.83,FALSE
1,1,04/03/2011,20327.61,FALSE
1,1,11/03/2011,21280.4,FALSE
1,1,18/03/2011,20334.23,FALSE
1,1,25/03/2011,20881.1,FALSE
1,1,01/04/2011,20398.09,FALSE
1,1,08/04/2011,23873.79,FALSE
1,1,15/04/2011,28762.37,FALSE
1,1,22/04/2011,50510.31,FALSE
1,1,29/04/2011,41512.39,FALSE
1,1,06/05/2011,20138.19,FALSE
1,1,13/05/2011,17235.15,FALSE
1,1,20/05/2011,15136.78,FALSE
1,1,27/05/2011,15741.6,FALSE
1,1,03/06/2011,16434.15,FALSE
1,1,10/06/2011,15883.52,FALSE
1,1,17/06/2011,14978.09,FALSE
1,1,24/06/2011,15682.81,FALSE
1,1,01/07/2011,15363.5,FALSE
1,1,08/07/2011,16148.87,FALSE
1,1,15/07/2011,15654.85,FALSE
1,1,22/07/2011,15766.6,FALSE
1,1,29/07/2011,15922.41,FALSE
1,1,05/08/2011,15295.55,FALSE
1,1,12/08/2011,14539.79,FALSE
1,1,19/08/2011,14689.24,FALSE
1,1,26/08/2011,14537.37,FALSE
1,1,02/09/2011,15277.27,FALSE
1,1,09/09/2011,17746.68,TRUE
1,1,16/09/2011,18535.48,FALSE
1,1,23/09/2011,17859.3,FALSE
1,1,30/09/2011,18337.68,FALSE
1,1,07/10/2011,20797.58,FALSE
1,1,14/10/2011,23077.55,FALSE
1,1,21/10/2011,23351.8,FALSE
1,1,28/10/2011,31579.9,FALSE
1,1,04/11/2011,39886.06,FALSE
1,1,11/11/2011,18689.54,FALSE
1,1,18/11/2011,19050.66,FALSE
1,1,25/11/2011,20911.25,TRUE
1,1,02/12/2011,25293.49,FALSE
1,1,09/12/2011,33305.92,FALSE
1,1,16/12/2011,45773.03,FALSE
1,1,23/12/2011,46788.75,FALSE
1,1,30/12/2011,23350.88,TRUE
1,1,06/01/2012,16567.69,FALSE
1,1,13/01/2012,16894.4,FALSE
1,1,20/01/2012,18365.1,FALSE
1,1,27/01/2012,18378.16,FALSE
1,1,03/02/2012,23510.49,FALSE
1,1,10/02/2012,36988.49,TRUE
1,1,17/02/2012,54060.1,FALSE
1,1,24/02/2012,20124.22,FALSE
1,1,02/03/2012,20113.03,FALSE
1,1,09/03/2012,21140.07,FALSE
1,1,16/03/2012,22366.88,FALSE
1,1,23/03/2012,22107.7,FALSE
1,1,30/03/2012,28952.86,FALSE
1,1,06/04/2012,57592.12,FALSE
1,1,13/04/2012,34684.21,FALSE
1,1,20/04/2012,16976.19,FALSE
1,1,27/04/2012,16347.6,FALSE
1,1,04/05/2012,17147.44,FALSE
1,1,11/05/2012,18164.2,FALSE
1,1,18/05/2012,18517.79,FALSE
1,1,25/05/2012,16963.55,FALSE
1,1,01/06/2012,16065.49,FALSE
1,1,08/06/2012,17666,FALSE
1,1,15/06/2012,17558.82,FALSE
1,1,22/06/2012,16633.41,FALSE
1,1,29/06/2012,15722.82,FALSE
1,1,06/07/2012,17823.37,FALSE
1,1,13/07/2012,16566.18,FALSE
1,1,20/07/2012,16348.06,FALSE
1,1,27/07/2012,15731.18,FALSE
1,1,03/08/2012,16628.31,FALSE
1,1,10/08/2012,16119.92,FALSE
1,1,17/08/2012,17330.7,FALSE
1,1,24/08/2012,16286.4,FALSE
1,1,31/08/2012,16680.24,FALSE
1,1,07/09/2012,18322.37,TRUE
1,1,14/09/2012,19616.22,FALSE
1,1,21/09/2012,19251.5,FALSE
1,1,28/09/2012,18947.81,FALSE
1,1,05/10/2012,21904.47,FALSE
1,1,12/10/2012,22764.01,FALSE
1,1,19/10/2012,24185.27,FALSE
1,1,26/10/2012,27390.81,FALSE
1,2,05/02/2010,50605.27,FALSE
1,2,12/02/2010,44682.74,TRUE
1,2,19/02/2010,47928.89,FALSE
1,2,26/02/2010,44292.87,FALSE
1,2,05/03/2010,48397.98,FALSE
1,2,12/03/2010,43751.94,FALSE
1,2,19/03/2010,43615.49,FALSE
1,2,26/03/2010,41892.55,FALSE
1,2,02/04/2010,47450.5,FALSE
1,2,09/04/2010,46549.73,FALSE
1,2,16/04/2010,45025.02,FALSE
1,2,23/04/2010,44418.11,FALSE
1,2,30/04/2010,45971.3,FALSE
1,2,07/05/2010,47903.01,FALSE
1,2,14/05/2010,43675.61,FALSE
1,2,21/05/2010,44319.15,FALSE
1,2,28/05/2010,44619.52,FALSE
1,2,04/06/2010,48754.47,FALSE
1,2,11/06/2010,47089.54,FALSE
1,2,18/06/2010,44428.71,FALSE
1,2,25/06/2010,45299.92,FALSE
1,2,02/07/2010,47077.72,FALSE
1,2,09/07/2010,46752.12,FALSE
1,2,16/07/2010,44339.2,FALSE
1,2,23/07/2010,44763.33,FALSE
1,2,30/07/2010,45833.77,FALSE
1,2,06/08/2010,50031.73,FALSE
1,2,13/08/2010,45475.69,FALSE
1,2,20/08/2010,49754.17,FALSE
1,2,27/08/2010,49623.53,FALSE
1,2,03/09/2010,49015.05,FALSE
1,2,10/09/2010,45182.5,TRUE
1,2,17/09/2010,44681.64,FALSE
1,2,24/09/2010,42477.49,FALSE
1,2,01/10/2010,45829.02,FALSE
1,2,08/10/2010,46387.54,FALSE
1,2,15/10/2010,43110.79,FALSE
1,2,22/10/2010,42371.48,FALSE
1,2,29/10/2010,44081.33,FALSE
1,2,05/11/2010,46381.43,FALSE
1,2,12/11/2010,43194.49,FALSE
1,2,19/11/2010,41443.25,FALSE
1,2,26/11/2010,45681.98,TRUE
1,2,03/12/2010,44405.02,FALSE
1,2,10/12/2010,46955.82,FALSE
1,2,17/12/2010,49303.28,FALSE
1,2,24/12/2010,59889.32,FALSE
1,2,31/12/2010,35819.83,TRUE
1,2,07/01/2011,43202.29,FALSE
1,2,14/01/2011,39857.4,FALSE
1,2,21/01/2011,41596.99,FALSE
1,2,28/01/2011,41651.01,FALSE
1,2,04/02/2011,46829.12,FALSE
1,2,11/02/2011,47595.35,TRUE
1,2,18/02/2011,49202.06,FALSE
1,2,25/02/2011,46165.25,FALSE
1,2,04/03/2011,53035.54,FALSE
1,2,11/03/2011,48465.72,FALSE
1,2,18/03/2011,45222.3,FALSE
1,2,25/03/2011,44293.54,FALSE
1,2,01/04/2011,46991.58,FALSE
1,2,08/04/2011,48501.79,FALSE
1,2,15/04/2011,44464.74,FALSE
1,2,22/04/2011,46544.56,FALSE
1,2,29/04/2011,43682.41,FALSE
1,2,06/05/2011,50139.92,FALSE
1,2,13/05/2011,44274.15,FALSE
1,2,20/05/2011,44302.11,FALSE
1,2,27/05/2011,45072.11,FALSE
1,2,03/06/2011,47844.27,FALSE
1,2,10/06/2011,46363.93,FALSE
1,2,17/06/2011,42939.63,FALSE
1,2,24/06/2011,42415.81,FALSE
1,2,01/07/2011,45247.74,FALSE
1,2,08/07/2011,44623.23,FALSE
1,2,15/07/2011,43260.96,FALSE
1,2,22/07/2011,45113.56,FALSE
1,2,29/07/2011,43191.02,FALSE
1,2,05/08/2011,49359.75,FALSE
1,2,12/08/2011,45341.92,FALSE
1,2,19/08/2011,46391.12,FALSE
1,2,26/08/2011,47659.93,FALSE
1,2,02/09/2011,49419.75,FALSE
1,2,09/09/2011,43315.85,TRUE
1,2,16/09/2011,42963.96,FALSE
1,2,23/09/2011,43390.94,FALSE
1,2,30/09/2011,46045.09,FALSE
1,2,07/10/2011,49880.69,FALSE
1,2,14/10/2011,43306.38,FALSE
1,2,21/10/2011,42487.67,FALSE
1,2,28/10/2011,41682.4,FALSE
1,2,04/11/2011,47313.62,FALSE
1,2,11/11/2011,44936.47,FALSE
1,2,18/11/2011,43997.78,FALSE
1,2,25/11/2011,44259.59,TRUE
1,2,02/12/2011,45928.14,FALSE
1,2,09/12/2011,49357.43,FALSE
1,2,16/12/2011,51137.42,FALSE
1,2,23/12/2011,65615.36,FALSE
1,2,30/12/2011,43539.94,TRUE
1,2,06/01/2012,44481.38,FALSE
1,2,13/01/2012,43353.09,FALSE
1,2,20/01/2012,43753.43,FALSE
1,2,27/01/2012,41556.23,FALSE
1,2,03/02/2012,54322.24,FALSE
1,2,10/02/2012,50581.06,TRUE
1,2,17/02/2012,46085.47,FALSE
1,2,24/02/2012,47080.12,FALSE
1,2,02/03/2012,52608.51,FALSE
1,2,09/03/2012,48563.69,FALSE
1,2,16/03/2012,47346.32,FALSE
1,2,23/03/2012,44796.03,FALSE
1,2,30/03/2012,46529.68,FALSE
1,2,06/04/2012,51805.88,FALSE
1,2,13/04/2012,43991.18,FALSE
1,2,20/04/2012,45561.85,FALSE
1,2,27/04/2012,45456.23,FALSE
1,2,04/05/2012,50501.3,FALSE
1,2,11/05/2012,46717.76,FALSE
1,2,18/05/2012,44411.23,FALSE
1,2,25/05/2012,45817.07,FALSE
1,2,01/06/2012,47425.29,FALSE
1,2,08/06/2012,49439.58,FALSE
1,2,15/06/2012,46637.48,FALSE
1,2,22/06/2012,46075,FALSE
1,2,29/06/2012,47629.14,FALSE
1,2,06/07/2012,49771.92,FALSE
1,2,13/07/2012,44411.95,FALSE
1,2,20/07/2012,45108.22,FALSE
1,2,27/07/2012,45008.22,FALSE
1,2,03/08/2012,49424.06,FALSE
1,2,10/08/2012,46729.91,FALSE
1,2,17/08/2012,46350.97,FALSE
1,2,24/08/2012,44972.52,FALSE
1,2,31/08/2012,50995.5,FALSE
1,2,07/09/2012,47344.5,TRUE
1,2,14/09/2012,44493.61,FALSE
1,2,21/09/2012,43541.07,FALSE
1,2,28/09/2012,45784.76,FALSE
1,2,05/10/2012,48577.08,FALSE
1,2,12/10/2012,42112.67,FALSE
1,2,19/10/2012,42354.72,FALSE
1,2,26/10/2012,43134.88,FALSE
1,3,05/02/2010,13740.12,FALSE
1,3,12/02/2010,10887.84,TRUE
1,3,19/02/2010,11523.47,FALSE
1,3,26/02/2010,11135.17,FALSE
1,3,05/03/2010,12275.58,FALSE
1,3,12/03/2010,10123.45,FALSE
1,3,19/03/2010,9001.37,FALSE
1,3,26/03/2010,10366.85,FALSE
1,3,02/04/2010,11157.08,FALSE
1,3,09/04/2010,10179.29,FALSE
1,3,16/04/2010,9226.8,FALSE
1,3,23/04/2010,8868.93,FALSE
1,3,30/04/2010,9337.44,FALSE
1,3,07/05/2010,9372.8,FALSE
1,3,14/05/2010,7919.86,FALSE
1,3,21/05/2010,7813.91,FALSE
1,3,28/05/2010,8412.69,FALSE
1,3,04/06/2010,8001.41,FALSE
1,3,11/06/2010,7742.75,FALSE
1,3,18/06/2010,8201.06,FALSE
1,3,25/06/2010,6591.22,FALSE
1,3,02/07/2010,7857.88,FALSE
1,3,09/07/2010,8112.67,FALSE
1,3,16/07/2010,13751.3,FALSE
1,3,23/07/2010,16930.62,FALSE
1,3,30/07/2010,20915.95,FALSE
1,3,06/08/2010,26719.02,FALSE
1,3,13/08/2010,30640.54,FALSE
1,3,20/08/2010,41101.93,FALSE
1,3,27/08/2010,51159.17,FALSE
1,3,03/09/2010,19081.8,FALSE
1,3,10/09/2010,12134.69,TRUE
1,3,17/09/2010,10722.46,FALSE
1,3,24/09/2010,8097.92,FALSE
1,3,01/10/2010,9775.17,FALSE
1,3,08/10/2010,10081.8,FALSE
1,3,15/10/2010,9735.73,FALSE
1,3,22/10/2010,8614.41,FALSE
1,3,29/10/2010,9283.09,FALSE
1,3,05/11/2010,9825.22,FALSE
1,3,12/11/2010,9146.77,FALSE
1,3,19/11/2010,9202.11,FALSE
1,3,26/11/2010,10706.81,TRUE
1,3,03/12/2010,10856.85,FALSE
1,3,10/12/2010,11219.78,FALSE
1,3,17/12/2010,11986.84,FALSE
1,3,24/12/2010,12080.36,FALSE
1,3,31/12/2010,8266.14,TRUE
1,3,07/01/2011,15808.15,FALSE
1,3,14/01/2011,13275.87,FALSE
1,3,21/01/2011,12532.94,FALSE
1,3,28/01/2011,11983.34,FALSE
1,3,04/02/2011,11012.52,FALSE
1,3,11/02/2011,11428.25,TRUE
1,3,18/02/2011,11724.98,FALSE
1,3,25/02/2011,10473.78,FALSE
1,3,04/03/2011,11039.12,FALSE
1,3,11/03/2011,10689.97,FALSE
1,3,18/03/2011,8148.69,FALSE
1,3,25/03/2011,9049.02,FALSE
1,3,01/04/2011,8734.19,FALSE
1,3,08/04/2011,10417.33,FALSE
1,3,15/04/2011,8212.97,FALSE
1,3,22/04/2011,8468.72,FALSE
1,3,29/04/2011,8653.62,FALSE
1,3,06/05/2011,10420.92,FALSE
1,3,13/05/2011,8732.46,FALSE
1,3,20/05/2011,7939.01,FALSE
1,3,27/05/2011,8120.7,FALSE
1,3,03/06/2011,8853.89,FALSE
1,3,10/06/2011,7508.71,FALSE
1,3,17/06/2011,7658.75,FALSE
1,3,24/06/2011,6165.73,FALSE
1,3,01/07/2011,8070.64,FALSE
1,3,08/07/2011,7366.5,FALSE
1,3,15/07/2011,11578.11,FALSE
1,3,22/07/2011,16069.5,FALSE
1,3,29/07/2011,21331.51,FALSE
1,3,05/08/2011,31248.98,FALSE
1,3,12/08/2011,32148.93,FALSE
1,3,19/08/2011,41603.11,FALSE
1,3,26/08/2011,49775.52,FALSE
1,3,02/09/2011,19604.47,FALSE
1,3,09/09/2011,12778.28,TRUE
1,3,16/09/2011,10412.88,FALSE
1,3,23/09/2011,9755.56,FALSE
1,3,30/09/2011,10434.83,FALSE
1,3,07/10/2011,9977.96,FALSE
1,3,14/10/2011,9870.22,FALSE
1,3,21/10/2011,10136.78,FALSE
1,3,28/10/2011,9421.2,FALSE
1,3,04/11/2011,9189.2,FALSE
1,3,11/11/2011,9959.64,FALSE
1,3,18/11/2011,10104.36,FALSE
1,3,25/11/2011,9317.56,TRUE
1,3,02/12/2011,10146.54,FALSE
1,3,09/12/2011,12955.55,FALSE
1,3,16/12/2011,13180.05,FALSE
1,3,23/12/2011,13667.88,FALSE
1,3,30/12/2011,8848.44,TRUE
1,3,06/01/2012,13926.04,FALSE
1,3,13/01/2012,13822.49,FALSE
1,3,20/01/2012,11702.08,FALSE
1,3,27/01/2012,10613.17,FALSE
1,3,03/02/2012,12485.78,FALSE
1,3,10/02/2012,12388.85,TRUE
1,3,17/02/2012,10237.78,FALSE
1,3,24/02/2012,10502.4,FALSE
1,3,02/03/2012,11387.31,FALSE
1,3,09/03/2012,11925.71,FALSE
1,3,16/03/2012,8845.73,FALSE
1,3,23/03/2012,7910.22,FALSE
1,3,30/03/2012,9129.23,FALSE
1,3,06/04/2012,9335.24,FALSE
1,3,13/04/2012,7927.73,FALSE
1,3,20/04/2012,8647.36,FALSE
1,3,27/04/2012,8635.62,FALSE
1,3,04/05/2012,10655.35,FALSE
1,3,11/05/2012,10342.72,FALSE
1,3,18/05/2012,8609.82,FALSE
1,3,25/05/2012,8345.33,FALSE
1,3,01/06/2012,7175.77,FALSE
1,3,08/06/2012,8614.64,FALSE
1,3,15/06/2012,8016.26,FALSE
1,3,22/06/2012,7301.41,FALSE
1,3,29/06/2012,7577.59,FALSE
1,3,06/07/2012,8473.71,FALSE
1,3,13/07/2012,13126.15,FALSE
1,3,20/07/2012,20126.95,FALSE
1,3,27/07/2012,22716.7,FALSE
1,3,03/08/2012,30331.69,FALSE
1,3,10/08/2012,28257.3,FALSE
1,3,17/08/2012,31905.97,FALSE
1,3,24/08/2012,43712.78,FALSE
1,3,31/08/2012,50701.3,FALSE
1,3,07/09/2012,18368.51,TRUE
1,3,14/09/2012,14288.22,FALSE
1,3,21/09/2012,13403.63,FALSE
1,3,28/09/2012,13085.95,FALSE
1,3,05/10/2012,11676.98,FALSE
1,3,12/10/2012,10487.17,FALSE
1,3,19/10/2012,8548.87,FALSE
1,3,26/10/2012,9350.9,FALSE
1,4,05/02/2010,39954.04,FALSE
1,4,12/02/2010,35351.21,TRUE
1,4,19/02/2010,36826.95,FALSE
1,4,26/02/2010,34660.16,FALSE
1,4,05/03/2010,38086.19,FALSE
1,4,12/03/2010,32668.67,FALSE
1,4,19/03/2010,34118.11,FALSE
1,4,26/03/2010,33872.07,FALSE
1,4,02/04/2010,37809.49,FALSE
1,4,09/04/2010,36174.43,FALSE
1,4,16/04/2010,34740.19,FALSE
1,4,23/04/2010,33806.71,FALSE
1,4,30/04/2010,33437.8,FALSE
1,4,07/05/2010,37168.34,FALSE
1,4,14/05/2010,33657.7,FALSE
1,4,21/05/2010,35571.47,FALSE
1,4,28/05/2010,36380.36,FALSE
1,4,04/06/2010,40548.19,FALSE
1,4,11/06/2010,36579.96,FALSE
1,4,18/06/2010,35059.52,FALSE
1,4,25/06/2010,34454.69,FALSE
1,4,02/07/2010,39773.71,FALSE
1,4,09/07/2010,39781.45,FALSE
1,4,16/07/2010,35234.66,FALSE
1,4,23/07/2010,36624.71,FALSE
1,4,30/07/2010,36419.68,FALSE
1,4,06/08/2010,40973.88,FALSE
1,4,13/08/2010,36461.66,FALSE
1,4,20/08/2010,39706.1,FALSE
1,4,27/08/2010,36404.6,FALSE
1,4,03/09/2010,38321.88,FALSE
1,4,10/09/2010,36603.78,TRUE
1,4,17/09/2010,33999.01,FALSE
1,4,24/09/2010,32497.43,FALSE
1,4,01/10/2010,34912.45,FALSE
1,4,08/10/2010,35772.82,FALSE
1,4,15/10/2010,34693.27,FALSE
1,4,22/10/2010,32902.26,FALSE
1,4,29/10/2010,35202.44,FALSE
1,4,05/11/2010,37980.55,FALSE
1,4,12/11/2010,35008.03,FALSE
1,4,19/11/2010,37078.61,FALSE
1,4,26/11/2010,46201.27,TRUE
1,4,03/12/2010,37110.55,FALSE
1,4,10/12/2010,36364.31,FALSE
1,4,17/12/2010,39154.41,FALSE
1,4,24/12/2010,47893.23,FALSE
1,4,31/12/2010,36913.8,TRUE
1,4,07/01/2011,37947.8,FALSE
1,4,14/01/2011,34393.95,FALSE
1,4,21/01/2011,33735.58,FALSE
1,4,28/01/2011,32905.88,FALSE
1,4,04/02/2011,35870.49,FALSE
1,4,11/02/2011,37373.33,TRUE
1,4,18/02/2011,36479.25,FALSE
1,4,25/02/2011,33677.18,FALSE
1,4,04/03/2011,37943.96,FALSE
1,4,11/03/2011,35229.12,FALSE
1,4,18/03/2011,34863.03,FALSE
1,4,25/03/2011,34813.12,FALSE
1,4,01/04/2011,34451.9,FALSE
1,4,08/04/2011,36514.43,FALSE
1,4,15/04/2011,33466.89,FALSE
1,4,22/04/2011,35132.7,FALSE
1,4,29/04/2011,34528.56,FALSE
1,4,06/05/2011,37827.69,FALSE
1,4,13/05/2011,33471.81,FALSE
1,4,20/05/2011,34137.41,FALSE
1,4,27/05/2011,36790.72,FALSE
1,4,03/06/2011,42508.02,FALSE
1,4,10/06/2011,35376.06,FALSE
1,4,17/06/2011,35523.17,FALSE
1,4,24/06/2011,35062.02,FALSE
1,4,01/07/2011,36451.71,FALSE
1,4,08/07/2011,39149.99,FALSE
1,4,15/07/2011,33930.8,FALSE
1,4,22/07/2011,34630.02,FALSE
1,4,29/07/2011,35555.5,FALSE
1,4,05/08/2011,39339.09,FALSE
1,4,12/08/2011,37449.94,FALSE
1,4,19/08/2011,39148.87,FALSE
1,4,26/08/2011,37495.2,FALSE
1,4,02/09/2011,36589.07,FALSE
1,4,09/09/2011,35105.96,TRUE
1,4,16/09/2011,34108.12,FALSE
1,4,23/09/2011,32655.07,FALSE
1,4,30/09/2011,32830.81,FALSE
1,4,07/10/2011,37397.63,FALSE
1,4,14/10/2011,35000.3,FALSE
1,4,21/10/2011,33954.55,FALSE
1,4,28/10/2011,34247.26,FALSE
1,4,04/11/2011,39354.84,FALSE
1,4,11/11/2011,36826.52,FALSE
1,4,18/11/2011,37656.58,FALSE
1,4,25/11/2011,46564.14,TRUE
1,4,02/12/2011,38489.63,FALSE
1,4,09/12/2011,38729.31,FALSE
1,4,16/12/2011,38266.47,FALSE
1,4,23/12/2011,47785.93,FALSE
1,4,30/12/2011,37371.22,TRUE
1,4,06/01/2012,40925.76,FALSE
1,4,13/01/2012,36582.36,FALSE
1,4,20/01/2012,33780.2,FALSE
1,4,27/01/2012,33613.91,FALSE
1,4,03/02/2012,40274.83,FALSE
1,4,10/02/2012,39305.13,TRUE
1,4,17/02/2012,36550.46,FALSE
1,4,24/02/2012,34953.85,FALSE
1,4,02/03/2012,38459.98,FALSE
1,4,09/03/2012,38934.77,FALSE
1,4,16/03/2012,38125.32,FALSE
1,4,23/03/2012,36586.52,FALSE
1,4,30/03/2012,37718.51,FALSE
1,4,06/04/2012,42060.21,FALSE
1,4,13/04/2012,37449.26,FALSE
1,4,20/04/2012,36350.03,FALSE
1,4,27/04/2012,36894.54,FALSE
1,4,04/05/2012,41897.55,FALSE
1,4,11/05/2012,35840.06,FALSE
1,4,18/05/2012,34536.29,FALSE
1,4,25/05/2012,38270.34,FALSE
1,4,01/06/2012,41566.55,FALSE
1,4,08/06/2012,41124.27,FALSE
1,4,15/06/2012,39019.74,FALSE
1,4,22/06/2012,37400.31,FALSE
1,4,29/06/2012,39758.77,FALSE
1,4,06/07/2012,44936.96,FALSE
1,4,13/07/2012,38073.91,FALSE
1,4,20/07/2012,38080.05,FALSE
1,4,27/07/2012,35197.59,FALSE
1,4,03/08/2012,41305.39,FALSE
1,4,10/08/2012,40343.83,FALSE
1,4,17/08/2012,38105.9,FALSE
1,4,24/08/2012,36674.67,FALSE
1,4,31/08/2012,37802.97,FALSE
1,4,07/09/2012,39549.27,TRUE
1,4,14/09/2012,35044.06,FALSE
1,4,21/09/2012,34507.34,FALSE
1,4,28/09/2012,34647.33,FALSE
1,4,05/10/2012,39311.93,FALSE
1,4,12/10/2012,35446.18,FALSE
1,4,19/10/2012,35549.19,FALSE
1,4,26/10/2012,36292.6,FALSE
1,5,05/02/2010,32229.38,FALSE
1,5,12/02/2010,29620.81,TRUE
1,5,19/02/2010,26468.27,FALSE
1,5,26/02/2010,24101.89,FALSE
1,5,05/03/2010,23082.14,FALSE
1,5,12/03/2010,21498.92,FALSE
1,5,19/03/2010,22632.57,FALSE
1,5,26/03/2010,38971.89,FALSE
1,5,02/04/2010,29967.92,FALSE
1,5,09/04/2010,18516.45,FALSE
1,5,16/04/2010,11570.27,FALSE
1,5,23/04/2010,24763.98,FALSE
1,5,30/04/2010,22006.41,FALSE
1,5,07/05/2010,19260.44,FALSE
1,5,14/05/2010,16891.66,FALSE
1,5,21/05/2010,16157.17,FALSE
1,5,28/05/2010,15784.6,FALSE
1,5,04/06/2010,22932.26,FALSE
1,5,11/06/2010,21817.36,FALSE
1,5,18/06/2010,19778.44,FALSE
1,5,25/06/2010,19054.58,FALSE
1,5,02/07/2010,18887.71,FALSE
1,5,09/07/2010,20249.54,FALSE
1,5,16/07/2010,17918.22,FALSE
1,5,23/07/2010,17313.46,FALSE
1,5,30/07/2010,16472.48,FALSE
1,5,06/08/2010,16926.17,FALSE
1,5,13/08/2010,15544.62,FALSE
1,5,20/08/2010,15412.44,FALSE
1,5,27/08/2010,13570.32,FALSE
1,5,03/09/2010,15390.52,FALSE
1,5,10/09/2010,17776.56,TRUE
1,5,17/09/2010,15862.61,FALSE
1,5,24/09/2010,17039.38,FALSE
1,5,01/10/2010,23381.38,FALSE
1,5,08/10/2010,19853.57,FALSE
1,5,15/10/2010,20443.05,FALSE
1,5,22/10/2010,19525.85,FALSE
1,5,29/10/2010,16377.46,FALSE
1,5,05/11/2010,23903.81,FALSE
1,5,12/11/2010,23698.89,FALSE
1,5,19/11/2010,24716.49,FALSE
1,5,26/11/2010,70158.86,TRUE
1,5,03/12/2010,36472.02,FALSE
1,5,10/12/2010,49517.17,FALSE
1,5,17/12/2010,59589.48,FALSE
1,5,24/12/2010,85676.09,FALSE
1,5,31/12/2010,32280.82,TRUE
1,5,07/01/2011,22699.69,FALSE
1,5,14/01/2011,17445.37,FALSE
1,5,21/01/2011,18438.07,FALSE
1,5,28/01/2011,22118.7,FALSE
1,5,04/02/2011,31280.62,FALSE
1,5,11/02/2011,36667.65,TRUE
1,5,18/02/2011,31092.62,FALSE
1,5,25/02/2011,23870.31,FALSE
1,5,04/03/2011,28902.37,FALSE
1,5,11/03/2011,23704.37,FALSE
1,5,18/03/2011,22685.69,FALSE
1,5,25/03/2011,18719.22,FALSE
1,5,01/04/2011,23598.55,FALSE
1,5,08/04/2011,22393.09,FALSE
1,5,15/04/2011,22719.82,FALSE
1,5,22/04/2011,21786.16,FALSE
1,5,29/04/2011,17503.28,FALSE
1,5,06/05/2011,16195.54,FALSE
1,5,13/05/2011,15587.78,FALSE
1,5,20/05/2011,15575.25,FALSE
1,5,27/05/2011,16613.98,FALSE
1,5,03/06/2011,16848.76,FALSE
1,5,10/06/2011,18648.73,FALSE
1,5,17/06/2011,17861.56,FALSE
1,5,24/06/2011,21695.24,FALSE
1,5,01/07/2011,19239.86,FALSE
1,5,08/07/2011,17989.45,FALSE
1,5,15/07/2011,18444.8,FALSE
1,5,22/07/2011,19331.53,FALSE
1,5,29/07/2011,17406.68,FALSE
1,5,05/08/2011,21183.42,FALSE
1,5,12/08/2011,21320.93,FALSE
1,5,19/08/2011,18643.51,FALSE
1,5,26/08/2011,15478.26,FALSE
1,5,02/09/2011,20432.91,FALSE
1,5,09/09/2011,19075.78,TRUE
1,5,16/09/2011,19386.23,FALSE
1,5,23/09/2011,20562.37,FALSE
1,5,30/09/2011,16385.37,FALSE
1,5,07/10/2011,30352.06,FALSE
1,5,14/10/2011,22917.89,FALSE
1,5,21/10/2011,32700.34,FALSE
1,5,28/10/2011,26391.79,FALSE
1,5,04/11/2011,31956.07,FALSE
1,5,11/11/2011,31002.65,FALSE
1,5,18/11/2011,27339.37,FALSE
1,5,25/11/2011,79340.15,TRUE
1,5,02/12/2011,32572.27,FALSE
1,5,09/12/2011,41782.13,FALSE
1,5,16/12/2011,43479.7,FALSE
1,5,23/12/2011,61483.82,FALSE
1,5,30/12/2011,34981.76,TRUE
1,5,06/01/2012,23105.81,FALSE
1,5,13/01/2012,19281.61,FALSE
1,5,20/01/2012,19298.42,FALSE
1,5,27/01/2012,21376.42,FALSE
1,5,03/02/2012,28307.43,FALSE
1,5,10/02/2012,38096.04,TRUE
1,5,17/02/2012,46219.96,FALSE
1,5,24/02/2012,30797.88,FALSE
1,5,02/03/2012,30642.53,FALSE
1,5,09/03/2012,25492.21,FALSE
1,5,16/03/2012,29345.72,FALSE
1,5,23/03/2012,25442.13,FALSE
1,5,30/03/2012,22392.09,FALSE
1,5,06/04/2012,28386.81,FALSE
1,5,13/04/2012,18458.33,FALSE
1,5,20/04/2012,16645.01,FALSE
1,5,27/04/2012,17170.39,FALSE
1,5,04/05/2012,18953.07,FALSE
1,5,11/05/2012,17277.63,FALSE
1,5,18/05/2012,17955.73,FALSE
1,5,25/05/2012,18625.67,FALSE
1,5,01/06/2012,17233.25,FALSE
1,5,08/06/2012,24752.99,FALSE
1,5,15/06/2012,21376.63,FALSE
1,5,22/06/2012,24337.24,FALSE
1,5,29/06/2012,20233.9,FALSE
1,5,06/07/2012,19684.48,FALSE
1,5,13/07/2012,18089.61,FALSE
1,5,20/07/2012,17896.46,FALSE
1,5,27/07/2012,14105.4,FALSE
1,5,03/08/2012,17615.28,FALSE
1,5,10/08/2012,18232.46,FALSE
1,5,17/08/2012,15440.65,FALSE
1,5,24/08/2012,22446.23,FALSE
1,5,31/08/2012,18615.76,FALSE
1,5,07/09/2012,18236.15,TRUE
1,5,14/09/2012,19369.52,FALSE
1,5,21/09/2012,25798.78,FALSE
1,5,28/09/2012,22560.39,FALSE
1,5,05/10/2012,25508.81,FALSE
1,5,12/10/2012,20920.03,FALSE
1,5,19/10/2012,20413.83,FALSE
1,5,26/10/2012,25846.94,FALSE
1,6,05/02/2010,5749.03,FALSE
1,6,12/02/2010,9135,TRUE
1,6,19/02/2010,6060.26,FALSE
1,6,26/02/2010,5244.56,FALSE
1,6,05/03/2010,4221.25,FALSE
1,6,12/03/2010,5619,FALSE
1,6,19/03/2010,4906.05,FALSE
1,6,26/03/2010,7468.33,FALSE
1,6,02/04/2010,4132.61,FALSE
1,6,09/04/2010,4428.8,FALSE
1,6,16/04/2010,5020.78,FALSE
1,6,23/04/2010,3945.19,FALSE
1,6,30/04/2010,4736.15,FALSE
1,6,07/05/2010,7477.7,FALSE
1,6,14/05/2010,6982.17,FALSE
1,6,21/05/2010,3395.75,FALSE
1,6,28/05/2010,6165.59,FALSE
1,6,04/06/2010,5484.9,FALSE
1,6,11/06/2010,4082.04,FALSE
1,6,18/06/2010,3902.26,FALSE
1,6,25/06/2010,4239.1,FALSE
1,6,02/07/2010,4541.91,FALSE
1,6,09/07/2010,4986.25,FALSE
1,6,16/07/2010,4772.7,FALSE
1,6,23/07/2010,5758.04,FALSE
1,6,30/07/2010,3932.95,FALSE
1,6,06/08/2010,4700.38,FALSE
1,6,13/08/2010,3885.01,FALSE
1,6,20/08/2010,4067.35,FALSE
1,6,27/08/2010,3389.29,FALSE
1,6,03/09/2010,3553.75,FALSE
1,6,10/09/2010,4432.69,TRUE
1,6,17/09/2010,4492.88,FALSE
1,6,24/09/2010,4601.39,FALSE
1,6,01/10/2010,2876.19,FALSE
1,6,08/10/2010,4168.36,FALSE
1,6,15/10/2010,5024.04,FALSE
1,6,22/10/2010,4291.27,FALSE
1,6,29/10/2010,5424.27,FALSE
1,6,05/11/2010,5036.99,FALSE
1,6,12/11/2010,4248.34,FALSE
1,6,19/11/2010,3507.65,FALSE
1,6,26/11/2010,20163.69,TRUE
1,6,03/12/2010,6356.96,FALSE
1,6,10/12/2010,6440.06,FALSE
1,6,17/12/2010,12078.11,FALSE
1,6,24/12/2010,28497.52,FALSE
1,6,31/12/2010,5878.25,TRUE
1,6,07/01/2011,1376.15,FALSE
1,6,14/01/2011,2355.86,FALSE
1,6,21/01/2011,2163.84,FALSE
1,6,28/01/2011,3200.68,FALSE
1,6,04/02/2011,3324.96,FALSE
1,6,11/02/2011,4542.8,TRUE
1,6,18/02/2011,4033.43,FALSE
1,6,25/02/2011,4203.87,FALSE
1,6,04/03/2011,3882.86,FALSE
1,6,11/03/2011,3928.8,FALSE
1,6,18/03/2011,2889.22,FALSE
1,6,25/03/2011,4508.3,FALSE
1,6,01/04/2011,3249.27,FALSE
1,6,08/04/2011,3340.31,FALSE
1,6,15/04/2011,3798.07,FALSE
1,6,22/04/2011,2995.07,FALSE
1,6,29/04/2011,4298.02,FALSE
1,6,06/05/2011,7213.53,FALSE
1,6,13/05/2011,4162.52,FALSE
1,6,20/05/2011,4640.76,FALSE
1,6,27/05/2011,5572.35,FALSE
1,6,03/06/2011,4021.54,FALSE
1,6,10/06/2011,3079.94,FALSE
1,6,17/06/2011,3004.81,FALSE
1,6,24/06/2011,3020.07,FALSE
1,6,01/07/2011,4047.92,FALSE
1,6,08/07/2011,3412.08,FALSE
1,6,15/07/2011,3154.33,FALSE
1,6,22/07/2011,3665.52,FALSE
1,6,29/07/2011,2839.92,FALSE
1,6,05/08/2011,2864.27,FALSE
1,6,12/08/2011,3124.83,FALSE
1,6,19/08/2011,3717.28,FALSE
1,6,26/08/2011,3296.22,FALSE
1,6,02/09/2011,3461.79,FALSE
1,6,09/09/2011,6147.43,TRUE
1,6,16/09/2011,3806.5,FALSE
1,6,23/09/2011,4718.28,FALSE
1,6,30/09/2011,3489.24,FALSE
1,6,07/10/2011,4733.74,FALSE
1,6,14/10/2011,4248.69,FALSE
1,6,21/10/2011,5111.85,FALSE
1,6,28/10/2011,6227.43,FALSE
1,6,04/11/2011,6223.03,FALSE
1,6,11/11/2011,3527.62,FALSE
1,6,18/11/2011,2640.98,FALSE
1,6,25/11/2011,18629.83,TRUE
1,6,02/12/2011,5240.63,FALSE
1,6,09/12/2011,6714.41,FALSE
1,6,16/12/2011,10022.4,FALSE
1,6,23/12/2011,18931.11,FALSE
1,6,30/12/2011,6629.6,TRUE
1,6,06/01/2012,3665.25,FALSE
1,6,13/01/2012,2460.92,FALSE
1,6,20/01/2012,2427.46,FALSE
1,6,27/01/2012,1649.4,FALSE
1,6,03/02/2012,3981.09,FALSE
1,6,10/02/2012,7338.85,TRUE
1,6,17/02/2012,4223.42,FALSE
1,6,24/02/2012,3784.06,FALSE
1,6,02/03/2012,6464.52,FALSE
1,6,09/03/2012,4183.3,FALSE
1,6,16/03/2012,3905.72,FALSE
1,6,23/03/2012,2856.83,FALSE
1,6,30/03/2012,4540.27,FALSE
1,6,06/04/2012,4764.43,FALSE
1,6,13/04/2012,4500.12,FALSE
1,6,20/04/2012,2988.96,FALSE
1,6,27/04/2012,3319.32,FALSE
1,6,04/05/2012,4658.18,FALSE
1,6,11/05/2012,3574.83,FALSE
1,6,18/05/2012,6030.81,FALSE
1,6,25/05/2012,5131.26,FALSE
1,6,01/06/2012,3249.75,FALSE
1,6,08/06/2012,4888.46,FALSE
1,6,15/06/2012,4087.58,FALSE
1,6,22/06/2012,4870.31,FALSE
1,6,29/06/2012,4774.5,FALSE
1,6,06/07/2012,2828.03,FALSE
1,6,13/07/2012,2776.97,FALSE
1,6,20/07/2012,3496.53,FALSE
1,6,27/07/2012,2545.65,FALSE
1,6,03/08/2012,3412.58,FALSE
1,6,10/08/2012,-139.65,FALSE
1,6,17/08/2012,2725.3,FALSE
1,6,24/08/2012,2626.5,FALSE
1,6,31/08/2012,2987.07,FALSE
1,6,07/09/2012,2576.64,TRUE
1,6,14/09/2012,3073.31,FALSE
1,6,21/09/2012,4159.51,FALSE
1,6,28/09/2012,3168.68,FALSE
1,6,05/10/2012,3843.29,FALSE
1,6,12/10/2012,3788.59,FALSE
1,6,19/10/2012,3496.69,FALSE
1,6,26/10/2012,4032.5,FALSE
1,7,05/02/2010,21084.08,FALSE
1,7,12/02/2010,18310.31,TRUE
1,7,19/02/2010,19985.2,FALSE
1,7,26/02/2010,17224.22,FALSE
1,7,05/03/2010,19659.7,FALSE
1,7,12/03/2010,21529.14,FALSE
1,7,19/03/2010,22711.59,FALSE
1,7,26/03/2010,16254.21,FALSE
1,7,02/04/2010,22427.62,FALSE
1,7,09/04/2010,20516.64,FALSE
1,7,16/04/2010,19330.26,FALSE
1,7,23/04/2010,18534.4,FALSE
1,7,30/04/2010,22723.48,FALSE
1,7,07/05/2010,20457.62,FALSE
1,7,14/05/2010,18771.35,FALSE
1,7,21/05/2010,28726.86,FALSE
1,7,28/05/2010,36911.59,FALSE
1,7,04/06/2010,44563.68,FALSE
1,7,11/06/2010,26910.46,FALSE
1,7,18/06/2010,26984.25,FALSE
1,7,25/06/2010,28912.18,FALSE
1,7,02/07/2010,22589,FALSE
1,7,09/07/2010,22767.34,FALSE
1,7,16/07/2010,22666.55,FALSE
1,7,23/07/2010,20029.1,FALSE
1,7,30/07/2010,17709.46,FALSE
1,7,06/08/2010,21842.57,FALSE
1,7,13/08/2010,19178.36,FALSE
1,7,20/08/2010,17821.71,FALSE
1,7,27/08/2010,16309.44,FALSE
1,7,03/09/2010,18005.65,FALSE
1,7,10/09/2010,20824.49,TRUE
1,7,17/09/2010,17397.01,FALSE
1,7,24/09/2010,18227.39,FALSE
1,7,01/10/2010,16481.79,FALSE
1,7,08/10/2010,16350.96,FALSE
1,7,15/10/2010,16296.65,FALSE
1,7,22/10/2010,15395.27,FALSE
1,7,29/10/2010,17598.98,FALSE
1,7,05/11/2010,19136.58,FALSE
1,7,12/11/2010,21019.7,FALSE
1,7,19/11/2010,24313.72,FALSE
1,7,26/11/2010,72635.06,TRUE
1,7,03/12/2010,47406.83,FALSE
1,7,10/12/2010,63896.89,FALSE
1,7,17/12/2010,96198.12,FALSE
1,7,24/12/2010,166697.72,FALSE
1,7,31/12/2010,27433.06,TRUE
1,7,07/01/2011,17516.16,FALSE
1,7,14/01/2011,10774.06,FALSE
1,7,21/01/2011,12657.33,FALSE
1,7,28/01/2011,13957.4,FALSE
1,7,04/02/2011,17239.86,FALSE
1,7,11/02/2011,21169.06,TRUE
1,7,18/02/2011,24549.68,FALSE
1,7,25/02/2011,23811.23,FALSE
1,7,04/03/2011,19607.4,FALSE
1,7,11/03/2011,20304.74,FALSE
1,7,18/03/2011,22751.59,FALSE
1,7,25/03/2011,19958,FALSE
1,7,01/04/2011,20144.71,FALSE
1,7,08/04/2011,21617.85,FALSE
1,7,15/04/2011,19955.07,FALSE
1,7,22/04/2011,24606.39,FALSE
1,7,29/04/2011,22934.42,FALSE
1,7,06/05/2011,19394,FALSE
1,7,13/05/2011,21344.39,FALSE
1,7,20/05/2011,18787.41,FALSE
1,7,27/05/2011,26736.85,FALSE
1,7,03/06/2011,38450.3,FALSE
1,7,10/06/2011,38569.49,FALSE
1,7,17/06/2011,31439.02,FALSE
1,7,24/06/2011,23791.78,FALSE
1,7,01/07/2011,23747.1,FALSE
1,7,08/07/2011,20691.6,FALSE
1,7,15/07/2011,14805.42,FALSE
1,7,22/07/2011,16002.3,FALSE
1,7,29/07/2011,16061.11,FALSE
1,7,05/08/2011,17388.43,FALSE
1,7,12/08/2011,14088.28,FALSE
1,7,19/08/2011,13413.8,FALSE
1,7,26/08/2011,12116.03,FALSE
1,7,02/09/2011,14564.8,FALSE
1,7,09/09/2011,13370.82,TRUE
1,7,16/09/2011,14948.27,FALSE
1,7,23/09/2011,14836.91,FALSE
1,7,30/09/2011,13908.4,FALSE
1,7,07/10/2011,12758.28,FALSE
1,7,14/10/2011,13900.54,FALSE
1,7,21/10/2011,24664.06,FALSE
1,7,28/10/2011,26827.51,FALSE
1,7,04/11/2011,24182.96,FALSE
1,7,11/11/2011,25942.35,FALSE
1,7,18/11/2011,21953.16,FALSE
1,7,25/11/2011,71151.34,TRUE
1,7,02/12/2011,33118.33,FALSE
1,7,09/12/2011,47751.41,FALSE
1,7,16/12/2011,69511.06,FALSE
1,7,23/12/2011,119302.15,FALSE
1,7,30/12/2011,38216.01,TRUE
1,7,06/01/2012,12377.76,FALSE
1,7,13/01/2012,9194.61,FALSE
1,7,20/01/2012,10189.61,FALSE
1,7,27/01/2012,11228.15,FALSE
1,7,03/02/2012,16556.71,FALSE
1,7,10/02/2012,21619.05,TRUE
1,7,17/02/2012,16849.62,FALSE
1,7,24/02/2012,15956.87,FALSE
1,7,02/03/2012,16473.91,FALSE
1,7,09/03/2012,17500.24,FALSE
1,7,16/03/2012,20690.01,FALSE
1,7,23/03/2012,15628.59,FALSE
1,7,30/03/2012,18684,FALSE
1,7,06/04/2012,27171.41,FALSE
1,7,13/04/2012,21302.3,FALSE
1,7,20/04/2012,19056.92,FALSE
1,7,27/04/2012,18704.53,FALSE
1,7,04/05/2012,22956.83,FALSE
1,7,11/05/2012,23036.8,FALSE
1,7,18/05/2012,19180.11,FALSE
1,7,25/05/2012,28671.98,FALSE
1,7,01/06/2012,31568.92,FALSE
1,7,08/06/2012,30052.56,FALSE
1,7,15/06/2012,26249.22,FALSE
1,7,22/06/2012,24777.12,FALSE
1,7,29/06/2012,24077.39,FALSE
1,7,06/07/2012,27364.96,FALSE
1,7,13/07/2012,18427.17,FALSE
1,7,20/07/2012,16528.1,FALSE
1,7,27/07/2012,17171.35,FALSE
1,7,03/08/2012,16916.29,FALSE
1,7,10/08/2012,16552.49,FALSE
1,7,17/08/2012,16256.91,FALSE
1,7,24/08/2012,15159.94,FALSE
1,7,31/08/2012,15802.09,FALSE
1,7,07/09/2012,16941.42,TRUE
1,7,14/09/2012,15525.82,FALSE
1,7,21/09/2012,22542.44,FALSE
1,7,28/09/2012,22343.24,FALSE
1,7,05/10/2012,22071.39,FALSE
1,7,12/10/2012,20212.71,FALSE
1,7,19/10/2012,21937.45,FALSE
1,7,26/10/2012,21449.85,FALSE
1,8,05/02/2010,40129.01,FALSE
1,8,12/02/2010,37334.83,TRUE
1,8,19/02/2010,38717.6,FALSE
1,8,26/02/2010,35318.2,FALSE
1,8,05/03/2010,38776.09,FALSE
1,8,12/03/2010,34342.64,FALSE
1,8,19/03/2010,34188.52,FALSE
1,8,26/03/2010,33581.72,FALSE
1,8,02/04/2010,38151.58,FALSE
1,8,09/04/2010,34145.96,FALSE
1,8,16/04/2010,32890.54,FALSE
1,8,23/04/2010,32946.13,FALSE
1,8,30/04/2010,34168.23,FALSE
1,8,07/05/2010,35393.78,FALSE
1,8,14/05/2010,33131.69,FALSE
1,8,21/05/2010,34442.73,FALSE
1,8,28/05/2010,35046.1,FALSE
1,8,04/06/2010,35181.47,FALSE
1,8,11/06/2010,34036.53,FALSE
1,8,18/06/2010,33387.48,FALSE
1,8,25/06/2010,33731.24,FALSE
1,8,02/07/2010,35580.01,FALSE
1,8,09/07/2010,34721.25,FALSE
1,8,16/07/2010,33171.72,FALSE
1,8,23/07/2010,34350.12,FALSE
1,8,30/07/2010,33568.19,FALSE
1,8,06/08/2010,34833.35,FALSE
1,8,13/08/2010,32326.19,FALSE
1,8,20/08/2010,32249.35,FALSE
1,8,27/08/2010,31272.68,FALSE
1,8,03/09/2010,35562.68,FALSE
1,8,10/09/2010,32737.89,TRUE
1,8,17/09/2010,33762.32,FALSE
1,8,24/09/2010,31381.97,FALSE
1,8,01/10/2010,34658.25,FALSE
1,8,08/10/2010,35966.67,FALSE
1,8,15/10/2010,33747.68,FALSE
1,8,22/10/2010,32659.74,FALSE
1,8,29/10/2010,34917.77,FALSE
1,8,05/11/2010,36182.58,FALSE
1,8,12/11/2010,35527.64,FALSE
1,8,19/11/2010,35759.26,FALSE
1,8,26/11/2010,34099.53,TRUE
1,8,03/12/2010,36222.74,FALSE
1,8,10/12/2010,35188.54,FALSE
1,8,17/12/2010,36961.11,FALSE
1,8,24/12/2010,41864,FALSE
1,8,31/12/2010,32751.73,TRUE
1,8,07/01/2011,36599.46,FALSE
1,8,14/01/2011,34228.3,FALSE
1,8,21/01/2011,34547.4,FALSE
1,8,28/01/2011,35110.75,FALSE
1,8,04/02/2011,39903.33,FALSE
1,8,11/02/2011,36011.09,TRUE
1,8,18/02/2011,35386.72,FALSE
1,8,25/02/2011,34195.37,FALSE
1,8,04/03/2011,36369.58,FALSE
1,8,11/03/2011,34415.39,FALSE
1,8,18/03/2011,33301.63,FALSE
1,8,25/03/2011,32558.92,FALSE
1,8,01/04/2011,35319.05,FALSE
1,8,08/04/2011,34442.29,FALSE
1,8,15/04/2011,32224.01,FALSE
1,8,22/04/2011,32832.06,FALSE
1,8,29/04/2011,32827.42,FALSE
1,8,06/05/2011,37360.03,FALSE
1,8,13/05/2011,34727.2,FALSE
1,8,20/05/2011,35631.59,FALSE
1,8,27/05/2011,35972.12,FALSE
1,8,03/06/2011,36767.22,FALSE
1,8,10/06/2011,36099.62,FALSE
1,8,17/06/2011,34338.33,FALSE
1,8,24/06/2011,34014.16,FALSE
1,8,01/07/2011,34063.23,FALSE
1,8,08/07/2011,35582.39,FALSE
1,8,15/07/2011,33336.29,FALSE
1,8,22/07/2011,34006.29,FALSE
1,8,29/07/2011,31981.72,FALSE
1,8,05/08/2011,35484.32,FALSE
1,8,12/08/2011,31061.21,FALSE
1,8,19/08/2011,32707.8,FALSE
1,8,26/08/2011,32668.5,FALSE
1,8,02/09/2011,34963.68,FALSE
1,8,09/09/2011,34246.67,TRUE
1,8,16/09/2011,35018.8,FALSE
1,8,23/09/2011,33157.11,FALSE
1,8,30/09/2011,34173.84,FALSE
1,8,07/10/2011,36759.96,FALSE
1,8,14/10/2011,34131.81,FALSE
1,8,21/10/2011,32631.25,FALSE
1,8,28/10/2011,34429.75,FALSE
1,8,04/11/2011,36959.48,FALSE
1,8,11/11/2011,34003.52,FALSE
1,8,18/11/2011,33169.55,FALSE
1,8,25/11/2011,33243.85,TRUE
1,8,02/12/2011,35886.92,FALSE
1,8,09/12/2011,38226.32,FALSE
1,8,16/12/2011,37149.3,FALSE
1,8,23/12/2011,41062.58,FALSE
1,8,30/12/2011,32419.78,TRUE
1,8,06/01/2012,36797,FALSE
1,8,13/01/2012,34033.89,FALSE
1,8,20/01/2012,35356.12,FALSE
1,8,27/01/2012,34644.25,FALSE
1,8,03/02/2012,40069.47,FALSE
1,8,10/02/2012,38317.89,TRUE
1,8,17/02/2012,37244.73,FALSE
1,8,24/02/2012,37204.72,FALSE
1,8,02/03/2012,40307.19,FALSE
1,8,09/03/2012,36553.82,FALSE
1,8,16/03/2012,36141.27,FALSE
1,8,23/03/2012,33758.45,FALSE
1,8,30/03/2012,37745.71,FALSE
1,8,06/04/2012,41917.56,FALSE
1,8,13/04/2012,37295.29,FALSE
1,8,20/04/2012,36930.94,FALSE
1,8,27/04/2012,38531.76,FALSE